{"fragments": [{"start": 0, "end": 1.2500000000000013, "fragment-type": "normal"}, {"start": 1.2500000000000013, "end": 4.749999999999991, "fragment-type": "normal"}, {"start": 4.749999999999991, "end": 6.249999999999988, "fragment-type": "normal"}]}